{
	"__comment": "Designed by Anomaly Artz. You may NOT! claim, monetize, redistribute or use for commerical purposes. This model is for personal use only!",
	"textures": {
		"particle": "laptop",
		"texture": "laptop"
	},
	"elements": [
		{
			"__comment": "Voxels-0F0F0F",
			"from": [ 4, 3.5, 6.5 ],
			"to": [ 4.5, 4.25, 7.75 ],
			"faces": {
				"down": { "uv": [ 4.96, 0.96, 7.04, 3.04 ], "texture": "#particle" },
				"up": { "uv": [ 4.96, 0.96, 7.04, 3.04 ], "texture": "#particle" },
				"north": { "uv": [ 4.96, 0.96, 7.04, 3.04 ], "texture": "#particle" },
				"south": { "uv": [ 4.96, 0.96, 7.04, 3.04 ], "texture": "#particle" },
				"west": { "uv": [ 4.96, 0.96, 7.04, 3.04 ], "texture": "#particle" },
				"east": { "uv": [ 4.96, 0.96, 7.04, 3.04 ], "texture": "#particle" }
			}
		},
		{
			"__comment": "Voxels-0F0F0F",
			"from": [ 4, 3.5, 7.75 ],
			"to": [ 12.25, 3.75, 12.5 ],
			"faces": {
				"down": { "uv": [ 4.96, 0.96, 7.04, 3.04 ], "texture": "#particle" },
				"up": { "uv": [ 4.96, 0.96, 7.04, 3.04 ], "texture": "#particle" },
				"north": { "uv": [ 4.96, 0.96, 7.04, 3.04 ], "texture": "#particle" },
				"south": { "uv": [ 4.96, 0.96, 7.04, 3.04 ], "texture": "#particle" },
				"west": { "uv": [ 4.96, 0.96, 7.04, 3.04 ], "texture": "#particle" },
				"east": { "uv": [ 4.96, 0.96, 7.04, 3.04 ], "texture": "#particle" }
			}
		},
		{
			"__comment": "Voxels-0F0F0F",
			"from": [ 4, 3.75, 8.25 ],
			"to": [ 12, 4, 8.5 ],
			"faces": {
				"up": { "uv": [ 4.96, 0.96, 7.04, 3.04 ], "texture": "#particle" },
				"north": { "uv": [ 4.96, 0.96, 7.04, 3.04 ], "texture": "#particle" },
				"south": { "uv": [ 4.96, 0.96, 7.04, 3.04 ], "texture": "#particle" },
				"west": { "uv": [ 4.96, 0.96, 7.04, 3.04 ], "texture": "#particle" },
				"east": { "uv": [ 4.96, 0.96, 7.04, 3.04 ], "texture": "#particle" }
			}
		},
		{
			"__comment": "Voxels-0F0F0F",
			"from": [ 4, 3.75, 9 ],
			"to": [ 12.25, 4, 9.25 ],
			"faces": {
				"up": { "uv": [ 4.96, 0.96, 7.04, 3.04 ], "texture": "#particle" },
				"north": { "uv": [ 4.96, 0.96, 7.04, 3.04 ], "texture": "#particle" },
				"south": { "uv": [ 4.96, 0.96, 7.04, 3.04 ], "texture": "#particle" },
				"west": { "uv": [ 4.96, 0.96, 7.04, 3.04 ], "texture": "#particle" },
				"east": { "uv": [ 4.96, 0.96, 7.04, 3.04 ], "texture": "#particle" }
			}
		},
		{
			"__comment": "Voxels-0F0F0F",
			"from": [ 4, 3.75, 9.25 ],
			"to": [ 12, 4, 9.5 ],
			"faces": {
				"up": { "uv": [ 4.96, 0.96, 7.04, 3.04 ], "texture": "#particle" },
				"south": { "uv": [ 4.96, 0.96, 7.04, 3.04 ], "texture": "#particle" },
				"west": { "uv": [ 4.96, 0.96, 7.04, 3.04 ], "texture": "#particle" },
				"east": { "uv": [ 4.96, 0.96, 7.04, 3.04 ], "texture": "#particle" }
			}
		},
		{
			"__comment": "Voxels-0F0F0F",
			"from": [ 4, 3.75, 9.75 ],
			"to": [ 12.25, 4, 12.5 ],
			"faces": {
				"up": { "uv": [ 4.96, 0.96, 7.04, 3.04 ], "texture": "#particle" },
				"north": { "uv": [ 4.96, 0.96, 7.04, 3.04 ], "texture": "#particle" },
				"south": { "uv": [ 4.96, 0.96, 7.04, 3.04 ], "texture": "#particle" },
				"west": { "uv": [ 4.96, 0.96, 7.04, 3.04 ], "texture": "#particle" },
				"east": { "uv": [ 4.96, 0.96, 7.04, 3.04 ], "texture": "#particle" }
			}
		},
		{
			"__comment": "Voxels-0F0F0F",
			"from": [ 4, 4, 7.75 ],
			"to": [ 4.5, 4.25, 12.5 ],
			"faces": {
				"down": { "uv": [ 4.96, 0.96, 7.04, 3.04 ], "texture": "#particle" },
				"up": { "uv": [ 4.96, 0.96, 7.04, 3.04 ], "texture": "#particle" },
				"south": { "uv": [ 4.96, 0.96, 7.04, 3.04 ], "texture": "#particle" },
				"west": { "uv": [ 4.96, 0.96, 7.04, 3.04 ], "texture": "#particle" },
				"east": { "uv": [ 4.96, 0.96, 7.04, 3.04 ], "texture": "#particle" }
			}
		},
		{
			"__comment": "Voxels-0F0F0F",
			"from": [ 4, 4.25, 6.25 ],
			"to": [ 4.25, 10, 6.75 ],
			"faces": {
				"down": { "uv": [ 4.96, 0.96, 7.04, 3.04 ], "texture": "#particle" },
				"up": { "uv": [ 4.96, 0.96, 7.04, 3.04 ], "texture": "#particle" },
				"north": { "uv": [ 4.96, 0.96, 7.04, 3.04 ], "texture": "#particle" },
				"south": { "uv": [ 4.96, 0.96, 7.04, 3.04 ], "texture": "#particle" },
				"west": { "uv": [ 4.96, 0.96, 7.04, 3.04 ], "texture": "#particle" },
				"east": { "uv": [ 4.96, 0.96, 7.04, 3.04 ], "texture": "#particle" }
			}
		},
		{
			"__comment": "Voxels-000000",
			"from": [ 4.25, 3.75, 7.75 ],
			"to": [ 4.5, 4, 8.25 ],
			"faces": {
				"west": { "uv": [ 8.96, 0.96, 11.04, 3.04 ], "texture": "#particle" }
			}
		},
		{
			"__comment": "Voxels-000000",
			"from": [ 4.25, 3.75, 8.5 ],
			"to": [ 4.5, 4, 9 ],
			"faces": {
				"west": { "uv": [ 8.96, 0.96, 11.04, 3.04 ], "texture": "#particle" }
			}
		},
		{
			"__comment": "Voxels-0F0F0F",
			"from": [ 4.25, 3.75, 9.5 ],
			"to": [ 12, 4, 9.75 ],
			"faces": {
				"up": { "uv": [ 4.96, 0.96, 7.04, 3.04 ], "texture": "#particle" },
				"west": { "uv": [ 4.96, 0.96, 7.04, 3.04 ], "texture": "#particle" },
				"east": { "uv": [ 4.96, 0.96, 7.04, 3.04 ], "texture": "#particle" }
			}
		},
		{
			"__comment": "Voxels-0F0F0F",
			"from": [ 4.25, 4.5, 6.25 ],
			"to": [ 12.25, 4.75, 6.75 ],
			"faces": {
				"down": { "uv": [ 4.96, 0.96, 7.04, 3.04 ], "texture": "#particle" },
				"up": { "uv": [ 4.96, 0.96, 7.04, 3.04 ], "texture": "#particle" },
				"north": { "uv": [ 4.96, 0.96, 7.04, 3.04 ], "texture": "#particle" },
				"south": { "uv": [ 4.96, 0.96, 7.04, 3.04 ], "texture": "#particle" },
				"east": { "uv": [ 4.96, 0.96, 7.04, 3.04 ], "texture": "#particle" }
			}
		},
		{
			"__comment": "Voxels-0F0F0F",
			"from": [ 4.25, 4.75, 6 ],
			"to": [ 12, 5.75, 6.25 ],
			"faces": {
				"down": { "uv": [ 4.96, 0.96, 7.04, 3.04 ], "texture": "#particle" },
				"up": { "uv": [ 4.96, 0.96, 7.04, 3.04 ], "texture": "#particle" },
				"north": { "uv": [ 4.96, 0.96, 7.04, 3.04 ], "texture": "#particle" },
				"south": { "uv": [ 4.96, 0.96, 7.04, 3.04 ], "texture": "#particle" },
				"west": { "uv": [ 4.96, 0.96, 7.04, 3.04 ], "texture": "#particle" },
				"east": { "uv": [ 4.96, 0.96, 7.04, 3.04 ], "texture": "#particle" }
			}
		},
		{
			"__comment": "Voxels-0F0F0F",
			"from": [ 4.25, 4.75, 6.25 ],
			"to": [ 4.5, 10, 6.75 ],
			"faces": {
				"up": { "uv": [ 4.96, 0.96, 7.04, 3.04 ], "texture": "#particle" },
				"north": { "uv": [ 4.96, 0.96, 7.04, 3.04 ], "texture": "#particle" },
				"south": { "uv": [ 4.96, 0.96, 7.04, 3.04 ], "texture": "#particle" },
				"east": { "uv": [ 4.96, 0.96, 7.04, 3.04 ], "texture": "#particle" }
			}
		},
		{
			"__comment": "Voxels-0F0F0F",
			"from": [ 4.25, 8.5, 6 ],
			"to": [ 12, 9.5, 6.25 ],
			"faces": {
				"down": { "uv": [ 4.96, 0.96, 7.04, 3.04 ], "texture": "#particle" },
				"up": { "uv": [ 4.96, 0.96, 7.04, 3.04 ], "texture": "#particle" },
				"north": { "uv": [ 4.96, 0.96, 7.04, 3.04 ], "texture": "#particle" },
				"south": { "uv": [ 4.96, 0.96, 7.04, 3.04 ], "texture": "#particle" },
				"west": { "uv": [ 4.96, 0.96, 7.04, 3.04 ], "texture": "#particle" },
				"east": { "uv": [ 4.96, 0.96, 7.04, 3.04 ], "texture": "#particle" }
			}
		},
		{
			"__comment": "Voxels-0F0F0F",
			"from": [ 4.5, 3.5, 6.75 ],
			"to": [ 12.25, 4.25, 7 ],
			"faces": {
				"down": { "uv": [ 4.96, 0.96, 7.04, 3.04 ], "texture": "#particle" },
				"up": { "uv": [ 4.96, 0.96, 7.04, 3.04 ], "texture": "#particle" },
				"north": { "uv": [ 4.96, 0.96, 7.04, 3.04 ], "texture": "#particle" },
				"south": { "uv": [ 4.96, 0.96, 7.04, 3.04 ], "texture": "#particle" },
				"east": { "uv": [ 4.96, 0.96, 7.04, 3.04 ], "texture": "#particle" }
			}
		},
		{
			"__comment": "Voxels-0F0F0F",
			"from": [ 4.5, 3.5, 7 ],
			"to": [ 12.25, 4, 7.75 ],
			"faces": {
				"down": { "uv": [ 4.96, 0.96, 7.04, 3.04 ], "texture": "#particle" },
				"up": { "uv": [ 4.96, 0.96, 7.04, 3.04 ], "texture": "#particle" },
				"south": { "uv": [ 4.96, 0.96, 7.04, 3.04 ], "texture": "#particle" },
				"east": { "uv": [ 4.96, 0.96, 7.04, 3.04 ], "texture": "#particle" }
			}
		},
		{
			"__comment": "Voxels-0F0F0F",
			"from": [ 4.5, 3.75, 7.75 ],
			"to": [ 12.25, 4, 8.25 ],
			"faces": {
				"up": { "uv": [ 4.96, 0.96, 7.04, 3.04 ], "texture": "#particle" },
				"south": { "uv": [ 4.96, 0.96, 7.04, 3.04 ], "texture": "#particle" },
				"east": { "uv": [ 4.96, 0.96, 7.04, 3.04 ], "texture": "#particle" }
			}
		},
		{
			"__comment": "Voxels-0F0F0F",
			"from": [ 4.5, 3.75, 8.5 ],
			"to": [ 12, 4, 9 ],
			"faces": {
				"up": { "uv": [ 4.96, 0.96, 7.04, 3.04 ], "texture": "#particle" },
				"east": { "uv": [ 4.96, 0.96, 7.04, 3.04 ], "texture": "#particle" }
			}
		},
		{
			"__comment": "Voxels-0F0F0F",
			"from": [ 4.5, 4, 7 ],
			"to": [ 11.25, 4.25, 7.75 ],
			"faces": {
				"up": { "uv": [ 4.96, 0.96, 7.04, 3.04 ], "texture": "#particle" },
				"south": { "uv": [ 4.96, 0.96, 7.04, 3.04 ], "texture": "#particle" },
				"east": { "uv": [ 4.96, 0.96, 7.04, 3.04 ], "texture": "#particle" }
			}
		},
		{
			"__comment": "Voxels-000000",
			"from": [ 4.5, 4, 7.75 ],
			"to": [ 5, 4.25, 8.25 ],
			"faces": {
				"up": { "uv": [ 8.96, 0.96, 11.04, 3.04 ], "texture": "#particle" },
				"south": { "uv": [ 8.96, 0.96, 11.04, 3.04 ], "texture": "#particle" },
				"east": { "uv": [ 8.96, 0.96, 11.04, 3.04 ], "texture": "#particle" }
			}
		},
		{
			"__comment": "Voxels-000000",
			"from": [ 4.5, 4, 8.5 ],
			"to": [ 5.25, 4.25, 9 ],
			"faces": {
				"up": { "uv": [ 8.96, 0.96, 11.04, 3.04 ], "texture": "#particle" },
				"north": { "uv": [ 8.96, 0.96, 11.04, 3.04 ], "texture": "#particle" },
				"south": { "uv": [ 8.96, 0.96, 11.04, 3.04 ], "texture": "#particle" },
				"east": { "uv": [ 8.96, 0.96, 11.04, 3.04 ], "texture": "#particle" }
			}
		},
		{
			"__comment": "Voxels-000000",
			"from": [ 4.5, 4, 9.25 ],
			"to": [ 5, 4.25, 9.75 ],
			"faces": {
				"down": { "uv": [ 8.96, 0.96, 11.04, 3.04 ], "texture": "#particle" },
				"up": { "uv": [ 8.96, 0.96, 11.04, 3.04 ], "texture": "#particle" },
				"north": { "uv": [ 8.96, 0.96, 11.04, 3.04 ], "texture": "#particle" },
				"south": { "uv": [ 8.96, 0.96, 11.04, 3.04 ], "texture": "#particle" },
				"east": { "uv": [ 8.96, 0.96, 11.04, 3.04 ], "texture": "#particle" }
			}
		},
		{
			"__comment": "Voxels-000000",
			"from": [ 4.5, 4, 10 ],
			"to": [ 5, 4.25, 10.5 ],
			"faces": {
				"up": { "uv": [ 8.96, 0.96, 11.04, 3.04 ], "texture": "#particle" },
				"north": { "uv": [ 8.96, 0.96, 11.04, 3.04 ], "texture": "#particle" },
				"east": { "uv": [ 8.96, 0.96, 11.04, 3.04 ], "texture": "#particle" }
			}
		},
		{
			"__comment": "Voxels-0F0F0F",
			"from": [ 4.5, 4, 10.5 ],
			"to": [ 12.25, 4.25, 10.75 ],
			"faces": {
				"up": { "uv": [ 4.96, 0.96, 7.04, 3.04 ], "texture": "#particle" },
				"north": { "uv": [ 4.96, 0.96, 7.04, 3.04 ], "texture": "#particle" },
				"south": { "uv": [ 4.96, 0.96, 7.04, 3.04 ], "texture": "#particle" },
				"east": { "uv": [ 4.96, 0.96, 7.04, 3.04 ], "texture": "#particle" }
			}
		},
		{
			"__comment": "Voxels-0F0F0F",
			"from": [ 4.5, 4, 10.75 ],
			"to": [ 7, 4.25, 12.5 ],
			"faces": {
				"up": { "uv": [ 4.96, 0.96, 7.04, 3.04 ], "texture": "#particle" },
				"south": { "uv": [ 4.96, 0.96, 7.04, 3.04 ], "texture": "#particle" },
				"east": { "uv": [ 4.96, 0.96, 7.04, 3.04 ], "texture": "#particle" }
			}
		},
		{
			"__comment": "Voxels-0F0F0F",
			"from": [ 4.5, 4.25, 6.25 ],
			"to": [ 5.25, 4.5, 6.75 ],
			"faces": {
				"down": { "uv": [ 4.96, 0.96, 7.04, 3.04 ], "texture": "#particle" },
				"north": { "uv": [ 4.96, 0.96, 7.04, 3.04 ], "texture": "#particle" },
				"south": { "uv": [ 4.96, 0.96, 7.04, 3.04 ], "texture": "#particle" },
				"west": { "uv": [ 4.96, 0.96, 7.04, 3.04 ], "texture": "#particle" },
				"east": { "uv": [ 4.96, 0.96, 7.04, 3.04 ], "texture": "#particle" }
			}
		},
		{
			"__comment": "Voxels-000000",
			"from": [ 4.5, 4.75, 6.25 ],
			"to": [ 11.75, 9.25, 6.5 ],
			"faces": {
				"north": { "uv": [ 8.96, 0.96, 11.04, 3.04 ], "texture": "#particle" },
				"south": { "uv": [ 8.96, 0.96, 11.04, 3.04 ], "texture": "#particle" }
			}
		},
		{
			"__comment": "Voxels-0F0F0F",
			"from": [ 4.5, 5.75, 6 ],
			"to": [ 11.75, 8.5, 6.25 ],
			"faces": {
				"north": { "uv": [ 4.96, 0.96, 7.04, 3.04 ], "texture": "#particle" },
				"west": { "uv": [ 4.96, 0.96, 7.04, 3.04 ], "texture": "#particle" },
				"east": { "uv": [ 4.96, 0.96, 7.04, 3.04 ], "texture": "#particle" }
			}
		},
		{
			"__comment": "Voxels-0F0F0F",
			"from": [ 4.5, 9.25, 6.25 ],
			"to": [ 12.25, 10, 6.5 ],
			"faces": {
				"down": { "uv": [ 4.96, 0.96, 7.04, 3.04 ], "texture": "#particle" },
				"up": { "uv": [ 4.96, 0.96, 7.04, 3.04 ], "texture": "#particle" },
				"north": { "uv": [ 4.96, 0.96, 7.04, 3.04 ], "texture": "#particle" },
				"south": { "uv": [ 4.96, 0.96, 7.04, 3.04 ], "texture": "#particle" },
				"east": { "uv": [ 4.96, 0.96, 7.04, 3.04 ], "texture": "#particle" }
			}
		},
		{
			"__comment": "Voxels-0F0F0F",
			"from": [ 4.5, 9.25, 6.5 ],
			"to": [ 12.25, 9.5, 6.75 ],
			"faces": {
				"down": { "uv": [ 4.96, 0.96, 7.04, 3.04 ], "texture": "#particle" },
				"up": { "uv": [ 4.96, 0.96, 7.04, 3.04 ], "texture": "#particle" },
				"south": { "uv": [ 4.96, 0.96, 7.04, 3.04 ], "texture": "#particle" },
				"east": { "uv": [ 4.96, 0.96, 7.04, 3.04 ], "texture": "#particle" }
			}
		},
		{
			"__comment": "Voxels-0F0F0F",
			"from": [ 4.5, 9.5, 6.5 ],
			"to": [ 7.5, 10, 6.75 ],
			"faces": {
				"up": { "uv": [ 4.96, 0.96, 7.04, 3.04 ], "texture": "#particle" },
				"south": { "uv": [ 4.96, 0.96, 7.04, 3.04 ], "texture": "#particle" },
				"east": { "uv": [ 4.96, 0.96, 7.04, 3.04 ], "texture": "#particle" }
			}
		},
		{
			"__comment": "Voxels-0F0F0F",
			"from": [ 4.75, 3.5, 6.5 ],
			"to": [ 5, 4.25, 6.75 ],
			"faces": {
				"down": { "uv": [ 4.96, 0.96, 7.04, 3.04 ], "texture": "#particle" },
				"north": { "uv": [ 4.96, 0.96, 7.04, 3.04 ], "texture": "#particle" },
				"west": { "uv": [ 4.96, 0.96, 7.04, 3.04 ], "texture": "#particle" },
				"east": { "uv": [ 4.96, 0.96, 7.04, 3.04 ], "texture": "#particle" }
			}
		},
		{
			"__comment": "Voxels-0F0F0F",
			"from": [ 5.25, 3.5, 6.5 ],
			"to": [ 5.5, 4.25, 6.75 ],
			"faces": {
				"down": { "uv": [ 4.96, 0.96, 7.04, 3.04 ], "texture": "#particle" },
				"up": { "uv": [ 4.96, 0.96, 7.04, 3.04 ], "texture": "#particle" },
				"north": { "uv": [ 4.96, 0.96, 7.04, 3.04 ], "texture": "#particle" },
				"west": { "uv": [ 4.96, 0.96, 7.04, 3.04 ], "texture": "#particle" },
				"east": { "uv": [ 4.96, 0.96, 7.04, 3.04 ], "texture": "#particle" }
			}
		},
		{
			"__comment": "Voxels-000000",
			"from": [ 5.25, 4, 7.75 ],
			"to": [ 5.75, 4.25, 8.25 ],
			"faces": {
				"up": { "uv": [ 8.96, 0.96, 11.04, 3.04 ], "texture": "#particle" },
				"south": { "uv": [ 8.96, 0.96, 11.04, 3.04 ], "texture": "#particle" },
				"west": { "uv": [ 8.96, 0.96, 11.04, 3.04 ], "texture": "#particle" },
				"east": { "uv": [ 8.96, 0.96, 11.04, 3.04 ], "texture": "#particle" }
			}
		},
		{
			"__comment": "Voxels-000000",
			"from": [ 5.25, 4, 9.25 ],
			"to": [ 5.75, 4.25, 9.75 ],
			"faces": {
				"down": { "uv": [ 8.96, 0.96, 11.04, 3.04 ], "texture": "#particle" },
				"up": { "uv": [ 8.96, 0.96, 11.04, 3.04 ], "texture": "#particle" },
				"north": { "uv": [ 8.96, 0.96, 11.04, 3.04 ], "texture": "#particle" },
				"south": { "uv": [ 8.96, 0.96, 11.04, 3.04 ], "texture": "#particle" },
				"west": { "uv": [ 8.96, 0.96, 11.04, 3.04 ], "texture": "#particle" },
				"east": { "uv": [ 8.96, 0.96, 11.04, 3.04 ], "texture": "#particle" }
			}
		},
		{
			"__comment": "Voxels-000000",
			"from": [ 5.25, 4, 10 ],
			"to": [ 5.75, 4.25, 10.5 ],
			"faces": {
				"up": { "uv": [ 8.96, 0.96, 11.04, 3.04 ], "texture": "#particle" },
				"north": { "uv": [ 8.96, 0.96, 11.04, 3.04 ], "texture": "#particle" },
				"west": { "uv": [ 8.96, 0.96, 11.04, 3.04 ], "texture": "#particle" },
				"east": { "uv": [ 8.96, 0.96, 11.04, 3.04 ], "texture": "#particle" }
			}
		},
		{
			"__comment": "Voxels-000000",
			"from": [ 5.5, 4, 8.5 ],
			"to": [ 6, 4.25, 9 ],
			"faces": {
				"up": { "uv": [ 8.96, 0.96, 11.04, 3.04 ], "texture": "#particle" },
				"north": { "uv": [ 8.96, 0.96, 11.04, 3.04 ], "texture": "#particle" },
				"south": { "uv": [ 8.96, 0.96, 11.04, 3.04 ], "texture": "#particle" },
				"west": { "uv": [ 8.96, 0.96, 11.04, 3.04 ], "texture": "#particle" },
				"east": { "uv": [ 8.96, 0.96, 11.04, 3.04 ], "texture": "#particle" }
			}
		},
		{
			"__comment": "Voxels-0F0F0F",
			"from": [ 5.5, 4.25, 6.25 ],
			"to": [ 10.75, 4.5, 6.75 ],
			"faces": {
				"down": { "uv": [ 4.96, 0.96, 7.04, 3.04 ], "texture": "#particle" },
				"north": { "uv": [ 4.96, 0.96, 7.04, 3.04 ], "texture": "#particle" },
				"south": { "uv": [ 4.96, 0.96, 7.04, 3.04 ], "texture": "#particle" },
				"west": { "uv": [ 4.96, 0.96, 7.04, 3.04 ], "texture": "#particle" },
				"east": { "uv": [ 4.96, 0.96, 7.04, 3.04 ], "texture": "#particle" }
			}
		},
		{
			"__comment": "Voxels-0F0F0F",
			"from": [ 5.75, 3.5, 6.5 ],
			"to": [ 6, 4.25, 6.75 ],
			"faces": {
				"down": { "uv": [ 4.96, 0.96, 7.04, 3.04 ], "texture": "#particle" },
				"north": { "uv": [ 4.96, 0.96, 7.04, 3.04 ], "texture": "#particle" },
				"west": { "uv": [ 4.96, 0.96, 7.04, 3.04 ], "texture": "#particle" },
				"east": { "uv": [ 4.96, 0.96, 7.04, 3.04 ], "texture": "#particle" }
			}
		},
		{
			"__comment": "Voxels-000000",
			"from": [ 6, 4, 7.75 ],
			"to": [ 6.5, 4.25, 8.25 ],
			"faces": {
				"up": { "uv": [ 8.96, 0.96, 11.04, 3.04 ], "texture": "#particle" },
				"south": { "uv": [ 8.96, 0.96, 11.04, 3.04 ], "texture": "#particle" },
				"west": { "uv": [ 8.96, 0.96, 11.04, 3.04 ], "texture": "#particle" },
				"east": { "uv": [ 8.96, 0.96, 11.04, 3.04 ], "texture": "#particle" }
			}
		},
		{
			"__comment": "Voxels-000000",
			"from": [ 6, 4, 9.25 ],
			"to": [ 6.5, 4.25, 9.75 ],
			"faces": {
				"down": { "uv": [ 8.96, 0.96, 11.04, 3.04 ], "texture": "#particle" },
				"up": { "uv": [ 8.96, 0.96, 11.04, 3.04 ], "texture": "#particle" },
				"north": { "uv": [ 8.96, 0.96, 11.04, 3.04 ], "texture": "#particle" },
				"south": { "uv": [ 8.96, 0.96, 11.04, 3.04 ], "texture": "#particle" },
				"west": { "uv": [ 8.96, 0.96, 11.04, 3.04 ], "texture": "#particle" },
				"east": { "uv": [ 8.96, 0.96, 11.04, 3.04 ], "texture": "#particle" }
			}
		},
		{
			"__comment": "Voxels-000000",
			"from": [ 6, 4, 10 ],
			"to": [ 10, 4.25, 10.5 ],
			"faces": {
				"up": { "uv": [ 8.96, 0.96, 11.04, 3.04 ], "texture": "#particle" },
				"north": { "uv": [ 8.96, 0.96, 11.04, 3.04 ], "texture": "#particle" },
				"west": { "uv": [ 8.96, 0.96, 11.04, 3.04 ], "texture": "#particle" },
				"east": { "uv": [ 8.96, 0.96, 11.04, 3.04 ], "texture": "#particle" }
			}
		},
		{
			"__comment": "Voxels-0F0F0F",
			"from": [ 6.25, 3.5, 6.5 ],
			"to": [ 10, 4.25, 6.75 ],
			"faces": {
				"down": { "uv": [ 4.96, 0.96, 7.04, 3.04 ], "texture": "#particle" },
				"north": { "uv": [ 4.96, 0.96, 7.04, 3.04 ], "texture": "#particle" },
				"west": { "uv": [ 4.96, 0.96, 7.04, 3.04 ], "texture": "#particle" },
				"east": { "uv": [ 4.96, 0.96, 7.04, 3.04 ], "texture": "#particle" }
			}
		},
		{
			"__comment": "Voxels-000000",
			"from": [ 6.25, 4, 8.5 ],
			"to": [ 6.75, 4.25, 9 ],
			"faces": {
				"up": { "uv": [ 8.96, 0.96, 11.04, 3.04 ], "texture": "#particle" },
				"north": { "uv": [ 8.96, 0.96, 11.04, 3.04 ], "texture": "#particle" },
				"south": { "uv": [ 8.96, 0.96, 11.04, 3.04 ], "texture": "#particle" },
				"west": { "uv": [ 8.96, 0.96, 11.04, 3.04 ], "texture": "#particle" },
				"east": { "uv": [ 8.96, 0.96, 11.04, 3.04 ], "texture": "#particle" }
			}
		},
		{
			"__comment": "Voxels-000000",
			"from": [ 6.75, 4, 7.75 ],
			"to": [ 7.25, 4.25, 8.25 ],
			"faces": {
				"up": { "uv": [ 8.96, 0.96, 11.04, 3.04 ], "texture": "#particle" },
				"south": { "uv": [ 8.96, 0.96, 11.04, 3.04 ], "texture": "#particle" },
				"west": { "uv": [ 8.96, 0.96, 11.04, 3.04 ], "texture": "#particle" },
				"east": { "uv": [ 8.96, 0.96, 11.04, 3.04 ], "texture": "#particle" }
			}
		},
		{
			"__comment": "Voxels-000000",
			"from": [ 6.75, 4, 9.25 ],
			"to": [ 7.25, 4.25, 9.75 ],
			"faces": {
				"down": { "uv": [ 8.96, 0.96, 11.04, 3.04 ], "texture": "#particle" },
				"up": { "uv": [ 8.96, 0.96, 11.04, 3.04 ], "texture": "#particle" },
				"north": { "uv": [ 8.96, 0.96, 11.04, 3.04 ], "texture": "#particle" },
				"south": { "uv": [ 8.96, 0.96, 11.04, 3.04 ], "texture": "#particle" },
				"west": { "uv": [ 8.96, 0.96, 11.04, 3.04 ], "texture": "#particle" },
				"east": { "uv": [ 8.96, 0.96, 11.04, 3.04 ], "texture": "#particle" }
			}
		},
		{
			"__comment": "Voxels-000000",
			"from": [ 7, 4, 8.5 ],
			"to": [ 7.5, 4.25, 9 ],
			"faces": {
				"up": { "uv": [ 8.96, 0.96, 11.04, 3.04 ], "texture": "#particle" },
				"north": { "uv": [ 8.96, 0.96, 11.04, 3.04 ], "texture": "#particle" },
				"south": { "uv": [ 8.96, 0.96, 11.04, 3.04 ], "texture": "#particle" },
				"west": { "uv": [ 8.96, 0.96, 11.04, 3.04 ], "texture": "#particle" },
				"east": { "uv": [ 8.96, 0.96, 11.04, 3.04 ], "texture": "#particle" }
			}
		},
		{
			"__comment": "Voxels-1B1B1B",
			"from": [ 7, 4, 10.75 ],
			"to": [ 9.25, 4.25, 11.75 ],
			"faces": {
				"up": { "uv": [ 12.96, 0.96, 15.04, 3.04 ], "texture": "#particle" }
			}
		},
		{
			"__comment": "Voxels-000000",
			"from": [ 7, 4, 11.75 ],
			"to": [ 9.25, 4.25, 12.25 ],
			"faces": {
				"up": { "uv": [ 8.96, 0.96, 11.04, 3.04 ], "texture": "#particle" }
			}
		},
		{
			"__comment": "Voxels-0F0F0F",
			"from": [ 7, 4, 12.25 ],
			"to": [ 12.25, 4.25, 12.5 ],
			"faces": {
				"up": { "uv": [ 4.96, 0.96, 7.04, 3.04 ], "texture": "#particle" },
				"north": { "uv": [ 4.96, 0.96, 7.04, 3.04 ], "texture": "#particle" },
				"south": { "uv": [ 4.96, 0.96, 7.04, 3.04 ], "texture": "#particle" },
				"east": { "uv": [ 4.96, 0.96, 7.04, 3.04 ], "texture": "#particle" }
			}
		},
		{
			"__comment": "Voxels-000000",
			"from": [ 7.5, 4, 7.75 ],
			"to": [ 8, 4.25, 8.25 ],
			"faces": {
				"up": { "uv": [ 8.96, 0.96, 11.04, 3.04 ], "texture": "#particle" },
				"south": { "uv": [ 8.96, 0.96, 11.04, 3.04 ], "texture": "#particle" },
				"west": { "uv": [ 8.96, 0.96, 11.04, 3.04 ], "texture": "#particle" },
				"east": { "uv": [ 8.96, 0.96, 11.04, 3.04 ], "texture": "#particle" }
			}
		},
		{
			"__comment": "Voxels-000000",
			"from": [ 7.5, 4, 9.25 ],
			"to": [ 8, 4.25, 9.75 ],
			"faces": {
				"down": { "uv": [ 8.96, 0.96, 11.04, 3.04 ], "texture": "#particle" },
				"up": { "uv": [ 8.96, 0.96, 11.04, 3.04 ], "texture": "#particle" },
				"north": { "uv": [ 8.96, 0.96, 11.04, 3.04 ], "texture": "#particle" },
				"south": { "uv": [ 8.96, 0.96, 11.04, 3.04 ], "texture": "#particle" },
				"west": { "uv": [ 8.96, 0.96, 11.04, 3.04 ], "texture": "#particle" },
				"east": { "uv": [ 8.96, 0.96, 11.04, 3.04 ], "texture": "#particle" }
			}
		},
		{
			"__comment": "Voxels-0F0F0F",
			"from": [ 7.5, 9.75, 6.5 ],
			"to": [ 12.25, 10, 6.75 ],
			"faces": {
				"down": { "uv": [ 4.96, 0.96, 7.04, 3.04 ], "texture": "#particle" },
				"up": { "uv": [ 4.96, 0.96, 7.04, 3.04 ], "texture": "#particle" },
				"south": { "uv": [ 4.96, 0.96, 7.04, 3.04 ], "texture": "#particle" },
				"east": { "uv": [ 4.96, 0.96, 7.04, 3.04 ], "texture": "#particle" }
			}
		},
		{
			"__comment": "Voxels-000000",
			"from": [ 7.75, 4, 8.5 ],
			"to": [ 8.25, 4.25, 9 ],
			"faces": {
				"up": { "uv": [ 8.96, 0.96, 11.04, 3.04 ], "texture": "#particle" },
				"north": { "uv": [ 8.96, 0.96, 11.04, 3.04 ], "texture": "#particle" },
				"south": { "uv": [ 8.96, 0.96, 11.04, 3.04 ], "texture": "#particle" },
				"west": { "uv": [ 8.96, 0.96, 11.04, 3.04 ], "texture": "#particle" },
				"east": { "uv": [ 8.96, 0.96, 11.04, 3.04 ], "texture": "#particle" }
			}
		},
		{
			"__comment": "Voxels-1B1B1B",
			"from": [ 8, 9.5, 6.5 ],
			"to": [ 8.25, 9.75, 6.75 ],
			"faces": {
				"south": { "uv": [ 12.96, 0.96, 15.04, 3.04 ], "texture": "#particle" },
				"west": { "uv": [ 12.96, 0.96, 15.04, 3.04 ], "texture": "#particle" },
				"east": { "uv": [ 12.96, 0.96, 15.04, 3.04 ], "texture": "#particle" }
			}
		},
		{
			"__comment": "Voxels-000000",
			"from": [ 8.25, 4, 7.75 ],
			"to": [ 8.75, 4.25, 8.25 ],
			"faces": {
				"up": { "uv": [ 8.96, 0.96, 11.04, 3.04 ], "texture": "#particle" },
				"south": { "uv": [ 8.96, 0.96, 11.04, 3.04 ], "texture": "#particle" },
				"west": { "uv": [ 8.96, 0.96, 11.04, 3.04 ], "texture": "#particle" },
				"east": { "uv": [ 8.96, 0.96, 11.04, 3.04 ], "texture": "#particle" }
			}
		},
		{
			"__comment": "Voxels-000000",
			"from": [ 8.25, 4, 9.25 ],
			"to": [ 8.75, 4.25, 9.75 ],
			"faces": {
				"down": { "uv": [ 8.96, 0.96, 11.04, 3.04 ], "texture": "#particle" },
				"up": { "uv": [ 8.96, 0.96, 11.04, 3.04 ], "texture": "#particle" },
				"north": { "uv": [ 8.96, 0.96, 11.04, 3.04 ], "texture": "#particle" },
				"south": { "uv": [ 8.96, 0.96, 11.04, 3.04 ], "texture": "#particle" },
				"west": { "uv": [ 8.96, 0.96, 11.04, 3.04 ], "texture": "#particle" },
				"east": { "uv": [ 8.96, 0.96, 11.04, 3.04 ], "texture": "#particle" }
			}
		},
		{
			"__comment": "Voxels-000000",
			"from": [ 8.5, 4, 8.5 ],
			"to": [ 9, 4.25, 9 ],
			"faces": {
				"up": { "uv": [ 8.96, 0.96, 11.04, 3.04 ], "texture": "#particle" },
				"north": { "uv": [ 8.96, 0.96, 11.04, 3.04 ], "texture": "#particle" },
				"south": { "uv": [ 8.96, 0.96, 11.04, 3.04 ], "texture": "#particle" },
				"west": { "uv": [ 8.96, 0.96, 11.04, 3.04 ], "texture": "#particle" },
				"east": { "uv": [ 8.96, 0.96, 11.04, 3.04 ], "texture": "#particle" }
			}
		},
		{
			"__comment": "Voxels-0F0F0F",
			"from": [ 8.75, 9.5, 6.5 ],
			"to": [ 12.25, 9.75, 6.75 ],
			"faces": {
				"south": { "uv": [ 4.96, 0.96, 7.04, 3.04 ], "texture": "#particle" },
				"west": { "uv": [ 4.96, 0.96, 7.04, 3.04 ], "texture": "#particle" },
				"east": { "uv": [ 4.96, 0.96, 7.04, 3.04 ], "texture": "#particle" }
			}
		},
		{
			"__comment": "Voxels-000000",
			"from": [ 9, 4, 7.75 ],
			"to": [ 9.5, 4.25, 8.25 ],
			"faces": {
				"up": { "uv": [ 8.96, 0.96, 11.04, 3.04 ], "texture": "#particle" },
				"south": { "uv": [ 8.96, 0.96, 11.04, 3.04 ], "texture": "#particle" },
				"west": { "uv": [ 8.96, 0.96, 11.04, 3.04 ], "texture": "#particle" },
				"east": { "uv": [ 8.96, 0.96, 11.04, 3.04 ], "texture": "#particle" }
			}
		},
		{
			"__comment": "Voxels-000000",
			"from": [ 9, 4, 9.25 ],
			"to": [ 9.5, 4.25, 9.75 ],
			"faces": {
				"down": { "uv": [ 8.96, 0.96, 11.04, 3.04 ], "texture": "#particle" },
				"up": { "uv": [ 8.96, 0.96, 11.04, 3.04 ], "texture": "#particle" },
				"north": { "uv": [ 8.96, 0.96, 11.04, 3.04 ], "texture": "#particle" },
				"south": { "uv": [ 8.96, 0.96, 11.04, 3.04 ], "texture": "#particle" },
				"west": { "uv": [ 8.96, 0.96, 11.04, 3.04 ], "texture": "#particle" },
				"east": { "uv": [ 8.96, 0.96, 11.04, 3.04 ], "texture": "#particle" }
			}
		},
		{
			"__comment": "Voxels-000000",
			"from": [ 9.25, 4, 8.5 ],
			"to": [ 9.75, 4.25, 9 ],
			"faces": {
				"up": { "uv": [ 8.96, 0.96, 11.04, 3.04 ], "texture": "#particle" },
				"north": { "uv": [ 8.96, 0.96, 11.04, 3.04 ], "texture": "#particle" },
				"south": { "uv": [ 8.96, 0.96, 11.04, 3.04 ], "texture": "#particle" },
				"west": { "uv": [ 8.96, 0.96, 11.04, 3.04 ], "texture": "#particle" },
				"east": { "uv": [ 8.96, 0.96, 11.04, 3.04 ], "texture": "#particle" }
			}
		},
		{
			"__comment": "Voxels-0F0F0F",
			"from": [ 9.25, 4, 10.75 ],
			"to": [ 12.25, 4.25, 12.25 ],
			"faces": {
				"up": { "uv": [ 4.96, 0.96, 7.04, 3.04 ], "texture": "#particle" },
				"west": { "uv": [ 4.96, 0.96, 7.04, 3.04 ], "texture": "#particle" },
				"east": { "uv": [ 4.96, 0.96, 7.04, 3.04 ], "texture": "#particle" }
			}
		},
		{
			"__comment": "Voxels-000000",
			"from": [ 9.75, 4, 7.75 ],
			"to": [ 10.25, 4.25, 8.25 ],
			"faces": {
				"up": { "uv": [ 8.96, 0.96, 11.04, 3.04 ], "texture": "#particle" },
				"south": { "uv": [ 8.96, 0.96, 11.04, 3.04 ], "texture": "#particle" },
				"west": { "uv": [ 8.96, 0.96, 11.04, 3.04 ], "texture": "#particle" },
				"east": { "uv": [ 8.96, 0.96, 11.04, 3.04 ], "texture": "#particle" }
			}
		},
		{
			"__comment": "Voxels-000000",
			"from": [ 9.75, 4, 9.25 ],
			"to": [ 10.25, 4.25, 9.75 ],
			"faces": {
				"down": { "uv": [ 8.96, 0.96, 11.04, 3.04 ], "texture": "#particle" },
				"up": { "uv": [ 8.96, 0.96, 11.04, 3.04 ], "texture": "#particle" },
				"north": { "uv": [ 8.96, 0.96, 11.04, 3.04 ], "texture": "#particle" },
				"south": { "uv": [ 8.96, 0.96, 11.04, 3.04 ], "texture": "#particle" },
				"west": { "uv": [ 8.96, 0.96, 11.04, 3.04 ], "texture": "#particle" },
				"east": { "uv": [ 8.96, 0.96, 11.04, 3.04 ], "texture": "#particle" }
			}
		},
		{
			"__comment": "Voxels-000000",
			"from": [ 10, 4, 8.5 ],
			"to": [ 10.5, 4.25, 9 ],
			"faces": {
				"up": { "uv": [ 8.96, 0.96, 11.04, 3.04 ], "texture": "#particle" },
				"north": { "uv": [ 8.96, 0.96, 11.04, 3.04 ], "texture": "#particle" },
				"south": { "uv": [ 8.96, 0.96, 11.04, 3.04 ], "texture": "#particle" },
				"west": { "uv": [ 8.96, 0.96, 11.04, 3.04 ], "texture": "#particle" },
				"east": { "uv": [ 8.96, 0.96, 11.04, 3.04 ], "texture": "#particle" }
			}
		},
		{
			"__comment": "Voxels-0F0F0F",
			"from": [ 10.25, 3.5, 6.5 ],
			"to": [ 10.5, 4.25, 6.75 ],
			"faces": {
				"down": { "uv": [ 4.96, 0.96, 7.04, 3.04 ], "texture": "#particle" },
				"north": { "uv": [ 4.96, 0.96, 7.04, 3.04 ], "texture": "#particle" },
				"west": { "uv": [ 4.96, 0.96, 7.04, 3.04 ], "texture": "#particle" },
				"east": { "uv": [ 4.96, 0.96, 7.04, 3.04 ], "texture": "#particle" }
			}
		},
		{
			"__comment": "Voxels-000000",
			"from": [ 10.25, 4, 10 ],
			"to": [ 10.75, 4.25, 10.5 ],
			"faces": {
				"up": { "uv": [ 8.96, 0.96, 11.04, 3.04 ], "texture": "#particle" },
				"north": { "uv": [ 8.96, 0.96, 11.04, 3.04 ], "texture": "#particle" },
				"west": { "uv": [ 8.96, 0.96, 11.04, 3.04 ], "texture": "#particle" },
				"east": { "uv": [ 8.96, 0.96, 11.04, 3.04 ], "texture": "#particle" }
			}
		},
		{
			"__comment": "Voxels-000000",
			"from": [ 10.5, 4, 7.75 ],
			"to": [ 11, 4.25, 8.25 ],
			"faces": {
				"up": { "uv": [ 8.96, 0.96, 11.04, 3.04 ], "texture": "#particle" },
				"south": { "uv": [ 8.96, 0.96, 11.04, 3.04 ], "texture": "#particle" },
				"west": { "uv": [ 8.96, 0.96, 11.04, 3.04 ], "texture": "#particle" },
				"east": { "uv": [ 8.96, 0.96, 11.04, 3.04 ], "texture": "#particle" }
			}
		},
		{
			"__comment": "Voxels-000000",
			"from": [ 10.5, 4, 9.25 ],
			"to": [ 11.75, 4.25, 9.75 ],
			"faces": {
				"down": { "uv": [ 8.96, 0.96, 11.04, 3.04 ], "texture": "#particle" },
				"up": { "uv": [ 8.96, 0.96, 11.04, 3.04 ], "texture": "#particle" },
				"north": { "uv": [ 8.96, 0.96, 11.04, 3.04 ], "texture": "#particle" },
				"south": { "uv": [ 8.96, 0.96, 11.04, 3.04 ], "texture": "#particle" },
				"west": { "uv": [ 8.96, 0.96, 11.04, 3.04 ], "texture": "#particle" }
			}
		},
		{
			"__comment": "Voxels-0F0F0F",
			"from": [ 10.75, 3.5, 6.5 ],
			"to": [ 11, 4.25, 6.75 ],
			"faces": {
				"down": { "uv": [ 4.96, 0.96, 7.04, 3.04 ], "texture": "#particle" },
				"up": { "uv": [ 4.96, 0.96, 7.04, 3.04 ], "texture": "#particle" },
				"north": { "uv": [ 4.96, 0.96, 7.04, 3.04 ], "texture": "#particle" },
				"west": { "uv": [ 4.96, 0.96, 7.04, 3.04 ], "texture": "#particle" },
				"east": { "uv": [ 4.96, 0.96, 7.04, 3.04 ], "texture": "#particle" }
			}
		},
		{
			"__comment": "Voxels-000000",
			"from": [ 10.75, 4, 8.5 ],
			"to": [ 11.75, 4.25, 9 ],
			"faces": {
				"up": { "uv": [ 8.96, 0.96, 11.04, 3.04 ], "texture": "#particle" },
				"north": { "uv": [ 8.96, 0.96, 11.04, 3.04 ], "texture": "#particle" },
				"south": { "uv": [ 8.96, 0.96, 11.04, 3.04 ], "texture": "#particle" },
				"west": { "uv": [ 8.96, 0.96, 11.04, 3.04 ], "texture": "#particle" }
			}
		},
		{
			"__comment": "Voxels-0F0F0F",
			"from": [ 11, 4.25, 6.25 ],
			"to": [ 11.75, 4.5, 6.75 ],
			"faces": {
				"down": { "uv": [ 4.96, 0.96, 7.04, 3.04 ], "texture": "#particle" },
				"north": { "uv": [ 4.96, 0.96, 7.04, 3.04 ], "texture": "#particle" },
				"south": { "uv": [ 4.96, 0.96, 7.04, 3.04 ], "texture": "#particle" },
				"west": { "uv": [ 4.96, 0.96, 7.04, 3.04 ], "texture": "#particle" },
				"east": { "uv": [ 4.96, 0.96, 7.04, 3.04 ], "texture": "#particle" }
			}
		},
		{
			"__comment": "Voxels-0F0F0F",
			"from": [ 11.25, 3.5, 6.5 ],
			"to": [ 11.5, 4.25, 6.75 ],
			"faces": {
				"down": { "uv": [ 4.96, 0.96, 7.04, 3.04 ], "texture": "#particle" },
				"north": { "uv": [ 4.96, 0.96, 7.04, 3.04 ], "texture": "#particle" },
				"west": { "uv": [ 4.96, 0.96, 7.04, 3.04 ], "texture": "#particle" },
				"east": { "uv": [ 4.96, 0.96, 7.04, 3.04 ], "texture": "#particle" }
			}
		},
		{
			"__comment": "Voxels-1B1B1B",
			"from": [ 11.25, 4, 7 ],
			"to": [ 11.75, 4.25, 7.5 ],
			"faces": {
				"up": { "uv": [ 12.96, 0.96, 15.04, 3.04 ], "texture": "#particle" }
			}
		},
		{
			"__comment": "Voxels-0F0F0F",
			"from": [ 11.25, 4, 7.5 ],
			"to": [ 12.25, 4.25, 7.75 ],
			"faces": {
				"up": { "uv": [ 4.96, 0.96, 7.04, 3.04 ], "texture": "#particle" },
				"north": { "uv": [ 4.96, 0.96, 7.04, 3.04 ], "texture": "#particle" },
				"south": { "uv": [ 4.96, 0.96, 7.04, 3.04 ], "texture": "#particle" },
				"east": { "uv": [ 4.96, 0.96, 7.04, 3.04 ], "texture": "#particle" }
			}
		},
		{
			"__comment": "Voxels-000000",
			"from": [ 11.25, 4, 7.75 ],
			"to": [ 11.75, 4.25, 8.25 ],
			"faces": {
				"up": { "uv": [ 8.96, 0.96, 11.04, 3.04 ], "texture": "#particle" },
				"south": { "uv": [ 8.96, 0.96, 11.04, 3.04 ], "texture": "#particle" },
				"west": { "uv": [ 8.96, 0.96, 11.04, 3.04 ], "texture": "#particle" }
			}
		},
		{
			"__comment": "Voxels-000000",
			"from": [ 11.25, 4, 10 ],
			"to": [ 11.75, 4.25, 10.5 ],
			"faces": {
				"up": { "uv": [ 8.96, 0.96, 11.04, 3.04 ], "texture": "#particle" },
				"north": { "uv": [ 8.96, 0.96, 11.04, 3.04 ], "texture": "#particle" },
				"west": { "uv": [ 8.96, 0.96, 11.04, 3.04 ], "texture": "#particle" }
			}
		},
		{
			"__comment": "Voxels-0F0F0F",
			"from": [ 11.75, 3.5, 6.5 ],
			"to": [ 12.25, 4.25, 6.75 ],
			"faces": {
				"down": { "uv": [ 4.96, 0.96, 7.04, 3.04 ], "texture": "#particle" },
				"up": { "uv": [ 4.96, 0.96, 7.04, 3.04 ], "texture": "#particle" },
				"north": { "uv": [ 4.96, 0.96, 7.04, 3.04 ], "texture": "#particle" },
				"west": { "uv": [ 4.96, 0.96, 7.04, 3.04 ], "texture": "#particle" },
				"east": { "uv": [ 4.96, 0.96, 7.04, 3.04 ], "texture": "#particle" }
			}
		},
		{
			"__comment": "Voxels-0F0F0F",
			"from": [ 11.75, 4, 7 ],
			"to": [ 12.25, 4.25, 7.5 ],
			"faces": {
				"up": { "uv": [ 4.96, 0.96, 7.04, 3.04 ], "texture": "#particle" },
				"east": { "uv": [ 4.96, 0.96, 7.04, 3.04 ], "texture": "#particle" }
			}
		},
		{
			"__comment": "Voxels-0F0F0F",
			"from": [ 11.75, 4, 7.75 ],
			"to": [ 12.25, 4.25, 10.5 ],
			"faces": {
				"down": { "uv": [ 4.96, 0.96, 7.04, 3.04 ], "texture": "#particle" },
				"up": { "uv": [ 4.96, 0.96, 7.04, 3.04 ], "texture": "#particle" },
				"west": { "uv": [ 4.96, 0.96, 7.04, 3.04 ], "texture": "#particle" },
				"east": { "uv": [ 4.96, 0.96, 7.04, 3.04 ], "texture": "#particle" }
			}
		},
		{
			"__comment": "Voxels-0F0F0F",
			"from": [ 11.75, 4.75, 6.25 ],
			"to": [ 12.25, 9.25, 6.75 ],
			"faces": {
				"up": { "uv": [ 4.96, 0.96, 7.04, 3.04 ], "texture": "#particle" },
				"north": { "uv": [ 4.96, 0.96, 7.04, 3.04 ], "texture": "#particle" },
				"south": { "uv": [ 4.96, 0.96, 7.04, 3.04 ], "texture": "#particle" },
				"west": { "uv": [ 4.96, 0.96, 7.04, 3.04 ], "texture": "#particle" },
				"east": { "uv": [ 4.96, 0.96, 7.04, 3.04 ], "texture": "#particle" }
			}
		},
		{
			"__comment": "Voxels-0F0F0F",
			"from": [ 12, 3.75, 8.75 ],
			"to": [ 12.25, 4, 9 ],
			"faces": {
				"north": { "uv": [ 4.96, 0.96, 7.04, 3.04 ], "texture": "#particle" },
				"east": { "uv": [ 4.96, 0.96, 7.04, 3.04 ], "texture": "#particle" }
			}
		},
		{
			"__comment": "Voxels-0F0F0F",
			"from": [ 12, 4.25, 6.25 ],
			"to": [ 12.25, 4.5, 6.75 ],
			"faces": {
				"down": { "uv": [ 4.96, 0.96, 7.04, 3.04 ], "texture": "#particle" },
				"north": { "uv": [ 4.96, 0.96, 7.04, 3.04 ], "texture": "#particle" },
				"south": { "uv": [ 4.96, 0.96, 7.04, 3.04 ], "texture": "#particle" },
				"west": { "uv": [ 4.96, 0.96, 7.04, 3.04 ], "texture": "#particle" },
				"east": { "uv": [ 4.96, 0.96, 7.04, 3.04 ], "texture": "#particle" }
			}
		}
	],
	"display": {
		"thirdperson_righthand": {
			"rotation":  [ -91, -180, 180 ],
			"translation":  [ -5.565, 11.13, 9.7383 ],
			"scale":  [ 1.2, 1.2, 1.2 ]
		},
		"thirdperson_lefthand": {
			"rotation":  [ -91, -180, 180 ],
			"translation":  [ -5.565, 11.13, 9.7383 ],
			"scale":  [ 1.2, 1.2, 1.2 ]
		},
		"firstperson_righthand": {
			"rotation":  [ 0, -24, 0 ],
			"translation":  [ 0, 9.7383, -2.086 ]
		},
		"firstperson_lefthand": {
			"rotation":  [ 0, -24, 0 ],
			"translation":  [ 0, 9.7383, -2.086 ]
		},
		"gui": {
			"rotation":  [ 9, -48, -23 ],
			"translation":  [ 4.8695, 5.5652, 0 ]
		},
		"head": {
			"translation":  [ 0, 22.26, -13.91 ],
			"scale":  [ 2, 2, 2 ]
		},
		"ground": {
			"translation":  [ 0, 4.8695, 0 ]
		},
		"fixed": {
			"rotation":  [ 0, 180, 0 ],
			"translation":  [ 0.0006, 8.3478, 5.5652 ],
			"scale":  [ 2, 2, 2 ]
		}
	}
}